distri	refdistribuidora	codiprovincia	tarname	nprocessos	ontime	late	verylate	ontimeaddedtime	lateaddedtime	verylateaddedtime	nomprovincia	nomdistribuidora	casos	bool
2273	0031	04	2.0A	19	0	0	19	0.0	0.0	2472.0	Almería	ENDESA DISTRIBUCIÓN ELÉCTRICA S. L.	267,482,748,922,1118,1510,1512,2340,2761,2957,3030,3205,3340,3637,5694,5839,5965,6077,6079	True
2273	0031	04	2.0DHA	1	0	0	1	0.0	0.0	79.0	Almería	ENDESA DISTRIBUCIÓN ELÉCTRICA S. L.	5019	True
2273	0031	06	2.0A	7	2	0	5	8.0	0.0	576.0	Badajoz	ENDESA DISTRIBUCIÓN ELÉCTRICA S. L.	947,1080,4570,5052,6450,9197,9197	True
2273	0031	06	2.0DHA	1	0	0	1	0.0	0.0	79.0	Badajoz	ENDESA DISTRIBUCIÓN ELÉCTRICA S. L.	4926	True
2273	0031	07	2.0A	253	47	32	174	140.0	499.0	18026.0	Balears, Illes	ENDESA DISTRIBUCIÓN ELÉCTRICA S. L.	332,402,403,426,446,488,509,590,609,659,676,731,734,750,783,795,873,923,925,930,962,971,973,1007,1008,1031,1048,1128,1129,1170,1231,1248,1274,1383,1396,1418,1495,1499,1555,1637,1642,1664,1818,1819,1834,2329,2362,2466,2474,2480,2496,2505,2574,2640,2747,2755,2807,2841,2877,2923,2924,2937,2961,3004,3112,3150,3206,3283,3304,3306,3327,3333,3360,3361,3363,3370,3374,3408,3478,3484,3509,3526,3529,3547,3585,3586,3635,3656,3727,4141,4143,4147,4380,4449,4450,4462,4476,4537,4574,4580,4586,4657,4831,4838,4910,4911,4912,4923,4924,4925,5194,5196,5198,5562,5636,5681,5732,5775,5780,5834,5861,5947,5949,5958,6013,6014,6026,6062,6083,6084,6119,6496,6499,6532,6667,6680,6680,6779,6807,6831,6858,6940,6971,6971,6972,6997,7019,7019,7062,7062,7232,7232,7406,7413,7433,7433,7434,7434,7469,7469,7480,7487,7487,7536,7546,7564,7564,7573,7573,7591,7591,7603,7603,7631,7864,7864,7899,7900,7900,7916,7916,7930,7930,7932,7989,7989,8016,8016,8031,8031,8035,8036,8049,8049,8062,8363,8365,8412,8416,8416,8423,8436,8436,8464,8464,8568,9032,9032,9034,9054,9054,9061,9061,9065,9065,9084,9121,9121,9146,9146,9176,9176,9195,9195,9196,9196,9205,9205,9267,9267,9268,9268,9270,9270,9271,9271,9272,9481,9481,9483,9483,9484,9484,9511,9511,9530,9530,9542,9542,9543,9549,9553,9553	True
2273	0031	07	2.0DHA	5	0	0	5	0.0	0.0	552.0	Balears, Illes	ENDESA DISTRIBUCIÓN ELÉCTRICA S. L.	2549,3366,3726,4144,4145	True
2273	0031	07	2.1A	11	2	0	9	8.0	0.0	932.0	Balears, Illes	ENDESA DISTRIBUCIÓN ELÉCTRICA S. L.	769,1724,2468,4146,4556,4922,4967,5561,6970,9175,9175	True
2273	0031	07	3.0A	10	2	4	4	2.0	64.0	348.0	Balears, Illes	ENDESA DISTRIBUCIÓN ELÉCTRICA S. L.	3362,3453,4812,6399,7891,7891,8269,8269,9482,9482	True
2273	0031	08	2.0A	2211	234	256	1721	627.0	3610.0	182748.0	Barcelona	ENDESA DISTRIBUCIÓN ELÉCTRICA S. L.	274,291,294,295,311,314,317,318,320,321,324,327,331,338,348,349,364,379,383,384,390,391,394,396,397,400,408,410,411,412,415,418,430,434,436,437,439,442,443,445,447,448,449,455,456,459,460,461,469,474,476,478,480,484,486,487,507,508,513,517,523,524,525,526,528,532,535,536,537,539,540,543,549,550,551,553,554,557,558,560,563,569,577,579,580,582,598,599,600,602,606,607,615,620,622,623,625,628,630,632,639,642,649,654,662,663,665,667,672,678,679,681,682,685,687,688,690,701,703,706,707,711,712,713,720,721,722,725,726,728,729,732,745,746,747,754,756,758,760,761,763,767,768,774,777,781,782,785,790,791,793,800,805,812,813,821,822,823,824,825,837,838,839,845,846,850,851,858,859,860,867,872,874,875,878,884,885,886,894,899,901,902,907,909,910,912,914,918,942,943,948,953,956,964,965,966,974,975,980,988,993,997,999,1002,1004,1005,1017,1019,1021,1022,1023,1024,1026,1029,1032,1033,1036,1040,1042,1044,1045,1046,1047,1051,1055,1056,1057,1062,1063,1064,1069,1071,1079,1081,1087,1091,1094,1098,1102,1110,1115,1116,1119,1124,1130,1131,1134,1137,1139,1144,1146,1148,1150,1154,1157,1159,1160,1161,1162,1163,1165,1166,1175,1177,1183,1188,1189,1193,1204,1208,1214,1217,1218,1221,1227,1230,1232,1235,1240,1242,1250,1251,1258,1267,1270,1272,1275,1279,1282,1285,1288,1289,1291,1296,1297,1298,1303,1306,1308,1315,1316,1322,1325,1327,1333,1334,1339,1346,1347,1350,1351,1352,1353,1356,1360,1362,1366,1367,1371,1372,1379,1385,1387,1389,1393,1397,1398,1405,1407,1411,1414,1415,1420,1426,1430,1433,1435,1437,1440,1442,1443,1446,1452,1458,1469,1471,1473,1474,1475,1476,1479,1480,1491,1493,1494,1506,1507,1508,1513,1514,1515,1518,1522,1523,1526,1528,1529,1532,1533,1535,1536,1540,1543,1547,1549,1550,1551,1553,1556,1560,1561,1563,1567,1574,1598,1611,1613,1615,1618,1619,1622,1630,1631,1634,1635,1639,1645,1648,1650,1653,1655,1658,1660,1665,1666,1669,1672,1679,1685,1686,1688,1689,1693,1697,1699,1700,1703,1707,1708,1709,1713,1717,1721,1723,1725,1727,1730,1749,1750,1754,1756,1758,1760,1761,1766,1767,1770,1776,1778,1780,1782,1783,1786,1788,1792,1795,1798,1805,1810,1821,1822,1823,1827,1829,1830,1841,1843,1844,1845,1847,1853,1855,1857,1859,1861,1862,1871,1872,1873,1876,1878,1879,1883,1885,1888,1893,1897,1901,1902,1906,1908,1909,1914,1918,2044,2045,2047,2048,2324,2330,2334,2337,2338,2339,2341,2343,2345,2348,2356,2360,2361,2364,2365,2368,2370,2461,2464,2469,2470,2473,2479,2481,2482,2483,2485,2489,2490,2491,2492,2495,2498,2501,2503,2506,2516,2520,2523,2524,2525,2526,2528,2529,2532,2538,2541,2542,2545,2546,2548,2551,2553,2554,2556,2559,2561,2563,2564,2566,2570,2575,2576,2577,2581,2582,2584,2586,2589,2590,2593,2594,2595,2683,2685,2692,2693,2696,2699,2701,2702,2705,2715,2719,2720,2721,2722,2723,2724,2725,2726,2727,2728,2729,2735,2742,2744,2748,2749,2752,2754,2757,2759,2760,2770,2771,2773,2774,2777,2789,2790,2795,2797,2798,2808,2809,2811,2812,2814,2815,2817,2820,2822,2826,2834,2842,2844,2847,2850,2851,2852,2853,2856,2904,2907,2908,2910,2914,2920,2922,2925,2926,2930,2931,2935,2939,2941,2945,2956,2968,2970,2971,2972,2973,2977,2979,2982,2991,2996,2997,2999,3005,3006,3007,3009,3015,3021,3022,3023,3028,3032,3033,3109,3117,3118,3119,3120,3126,3128,3137,3139,3140,3143,3148,3151,3153,3157,3158,3159,3160,3166,3168,3170,3173,3175,3179,3181,3185,3186,3187,3189,3190,3191,3193,3200,3201,3202,3203,3208,3212,3213,3214,3217,3218,3219,3220,3223,3226,3227,3235,3236,3241,3247,3248,3249,3252,3253,3254,3258,3261,3263,3264,3265,3270,3271,3274,3277,3278,3280,3282,3284,3286,3288,3291,3294,3295,3303,3307,3313,3321,3324,3330,3331,3332,3335,3337,3348,3351,3369,3377,3381,3383,3388,3389,3391,3393,3398,3400,3402,3407,3427,3450,3452,3454,3455,3463,3474,3477,3479,3480,3481,3482,3483,3485,3487,3492,3493,3497,3504,3510,3514,3515,3517,3518,3520,3522,3524,3528,3533,3534,3537,3538,3543,3546,3548,3555,3556,3559,3561,3562,3567,3568,3569,3574,3576,3584,3587,3588,3589,3592,3593,3605,3606,3613,3614,3617,3618,3620,3634,3642,3643,3646,3647,3652,3653,3654,3655,3659,3664,3666,3668,3669,3672,3673,3674,3677,3678,3679,3681,3682,3686,3695,3696,3698,3701,3703,3705,3706,3707,3715,3716,3717,3718,3719,3720,3721,3722,3728,3729,3730,3731,3732,3733,3736,3738,3744,3747,3748,3749,3750,3752,3756,3763,4043,4045,4046,4047,4048,4049,4050,4051,4052,4053,4054,4055,4056,4057,4058,4059,4060,4061,4062,4063,4064,4065,4067,4068,4069,4071,4072,4073,4074,4075,4076,4083,4087,4088,4089,4090,4091,4092,4093,4104,4105,4108,4109,4110,4112,4115,4117,4118,4119,4121,4122,4123,4129,4130,4131,4132,4133,4139,4359,4362,4365,4367,4370,4378,4444,4445,4446,4447,4448,4452,4453,4454,4455,4457,4459,4460,4463,4467,4468,4469,4472,4475,4478,4479,4483,4484,4485,4486,4488,4492,4493,4494,4495,4496,4498,4503,4504,4505,4510,4515,4520,4521,4523,4524,4525,4526,4528,4533,4534,4538,4539,4541,4546,4547,4548,4549,4550,4553,4554,4555,4557,4558,4561,4563,4565,4566,4567,4571,4576,4581,4588,4591,4601,4606,4607,4608,4609,4610,4612,4613,4614,4618,4628,4629,4634,4636,4637,4638,4646,4649,4651,4653,4654,4656,4664,4670,4694,4696,4698,4701,4704,4814,4818,4822,4824,4826,4827,4835,4837,4839,4843,4846,4847,4849,4851,4852,4853,4854,4856,4860,4865,4871,4874,4906,4907,4909,4914,4928,4934,4968,4972,4975,5009,5012,5018,5020,5023,5024,5043,5051,5055,5056,5057,5058,5064,5083,5092,5094,5098,5163,5165,5168,5170,5172,5173,5176,5177,5178,5180,5182,5185,5186,5188,5191,5192,5193,5195,5202,5203,5209,5210,5211,5212,5213,5215,5216,5221,5222,5225,5233,5286,5287,5297,5325,5398,5412,5416,5418,5422,5426,5433,5435,5438,5439,5445,5447,5449,5454,5455,5456,5457,5459,5466,5468,5470,5476,5480,5481,5482,5483,5488,5491,5493,5497,5505,5508,5511,5514,5518,5520,5521,5523,5526,5528,5529,5530,5531,5532,5540,5549,5550,5551,5552,5554,5559,5570,5573,5575,5577,5579,5581,5582,5583,5585,5590,5595,5597,5598,5602,5605,5608,5610,5622,5626,5629,5630,5631,5632,5633,5634,5637,5639,5640,5642,5643,5645,5650,5651,5652,5655,5657,5662,5665,5667,5669,5672,5674,5678,5680,5682,5684,5686,5687,5688,5690,5692,5693,5699,5700,5703,5705,5706,5708,5715,5719,5726,5736,5737,5738,5741,5742,5743,5746,5748,5751,5756,5758,5761,5767,5768,5772,5774,5778,5784,5788,5789,5793,5796,5797,5798,5798,5800,5802,5804,5810,5811,5816,5818,5820,5821,5825,5826,5830,5836,5838,5840,5842,5844,5846,5847,5859,5892,5893,5898,5930,5936,5936,5937,5940,5943,5951,5954,5954,5955,5956,5961,5964,5967,5968,5968,5969,5970,5971,5972,5974,5976,5978,5980,5981,5983,5985,5988,5991,5992,5993,5994,5994,6001,6002,6007,6015,6018,6019,6020,6022,6025,6030,6031,6032,6033,6036,6037,6039,6042,6043,6045,6046,6046,6048,6049,6051,6052,6052,6053,6054,6059,6060,6064,6065,6069,6070,6073,6080,6080,6081,6082,6090,6093,6095,6099,6100,6101,6102,6103,6104,6110,6113,6124,6128,6130,6138,6141,6146,6149,6326,6371,6372,6375,6376,6381,6382,6384,6391,6392,6393,6394,6395,6397,6400,6401,6402,6404,6408,6410,6416,6419,6422,6423,6426,6428,6430,6432,6432,6433,6435,6436,6438,6439,6442,6449,6453,6454,6455,6460,6462,6462,6464,6465,6466,6470,6471,6475,6478,6481,6482,6482,6483,6491,6494,6498,6505,6509,6513,6513,6514,6515,6517,6518,6519,6522,6523,6524,6525,6527,6536,6542,6542,6544,6619,6665,6670,6672,6674,6676,6679,6679,6686,6688,6689,6690,6691,6694,6696,6705,6706,6709,6709,6716,6717,6717,6719,6720,6726,6730,6737,6737,6739,6740,6741,6741,6742,6743,6743,6744,6746,6750,6752,6753,6754,6755,6755,6756,6756,6759,6759,6761,6762,6763,6764,6766,6767,6769,6773,6780,6782,6796,6796,6802,6811,6812,6813,6814,6814,6816,6818,6821,6823,6826,6827,6829,6837,6837,6838,6839,6839,6842,6843,6845,6846,6848,6849,6851,6852,6853,6860,6860,6861,6861,6862,6862,6863,6864,6868,6868,6873,6934,6934,6935,6946,6947,6948,6951,6957,6958,6960,6960,6962,6964,6974,6974,6975,6976,6981,6981,6982,6985,6986,6988,6991,6991,6996,6998,6999,7007,7007,7012,7014,7015,7018,7025,7029,7029,7031,7036,7037,7039,7041,7046,7046,7052,7058,7058,7060,7061,7061,7063,7063,7070,7074,7077,7083,7091,7097,7097,7100,7100,7101,7102,7104,7108,7110,7112,7113,7115,7115,7117,7117,7121,7228,7228,7230,7231,7233,7234,7235,7236,7237,7241,7399,7399,7401,7407,7409,7409,7415,7417,7417,7425,7428,7428,7429,7430,7432,7432,7437,7437,7440,7445,7452,7453,7457,7457,7460,7461,7462,7464,7466,7467,7467,7472,7472,7473,7475,7476,7477,7478,7479,7486,7486,7488,7489,7491,7493,7493,7498,7498,7500,7503,7509,7512,7512,7513,7517,7518,7518,7529,7529,7530,7532,7533,7539,7539,7540,7540,7543,7544,7548,7552,7554,7557,7559,7568,7568,7569,7578,7578,7580,7584,7586,7587,7588,7595,7595,7596,7597,7599,7602,7602,7604,7608,7608,7620,7626,7630,7634,7634,7637,7638,7644,7644,7731,7840,7843,7847,7851,7851,7852,7852,7854,7854,7856,7856,7865,7865,7866,7866,7867,7870,7870,7875,7876,7877,7877,7879,7879,7880,7881,7884,7884,7886,7898,7902,7905,7906,7909,7910,7911,7913,7914,7917,7924,7924,7926,7926,7927,7927,7928,7928,7929,7931,7934,7940,7940,7943,7943,7944,7949,7956,7960,7961,7963,7963,7967,7967,7972,7972,7976,7976,7978,7979,7979,7995,7998,7998,7999,8004,8005,8006,8006,8007,8011,8011,8012,8012,8015,8015,8017,8018,8019,8024,8027,8038,8045,8045,8047,8050,8051,8051,8053,8054,8054,8056,8057,8060,8060,8067,8070,8076,8079,8079,8086,8086,8092,8092,8169,8196,8273,8278,8316,8316,8321,8321,8324,8326,8332,8333,8336,8340,8350,8351,8351,8354,8354,8356,8361,8372,8374,8374,8376,8376,8379,8379,8383,8384,8386,8391,8393,8398,8398,8402,8402,8406,8408,8408,8409,8414,8414,8422,8422,8426,8426,8431,8431,8432,8435,8437,8437,8447,8447,8452,8457,8457,8459,8462,8467,8467,8470,8471,8486,8487,8487,8489,8490,8490,8492,8493,8495,8495,8496,8496,8498,8499,8504,8507,8509,8513,8519,8523,8530,8532,8537,8540,8542,8546,8546,8549,8549,8553,8554,8554,8561,8561,8564,8570,8571,8571,8572,8574,8574,8577,8577,8583,8583,8586,8589,8589,8592,8592,8602,8603,8603,8605,8605,8606,8609,8609,8613,8615,8615,8619,8621,8621,8622,8626,8629,8629,8640,8640,8649,8651,8651,8653,8653,8654,8654,8655,9012,9013,9013,9019,9019,9020,9020,9021,9024,9025,9027,9027,9033,9035,9035,9036,9036,9037,9037,9040,9040,9047,9047,9049,9049,9058,9063,9064,9066,9066,9067,9068,9071,9071,9072,9073,9077,9078,9078,9079,9079,9080,9080,9081,9081,9090,9090,9091,9091,9093,9093,9094,9096,9098,9098,9099,9104,9104,9108,9108,9109,9109,9115,9126,9127,9132,9132,9133,9133,9147,9151,9154,9156,9156,9162,9171,9171,9172,9174,9178,9186,9186,9187,9187,9188,9188,9189,9189,9192,9198,9198,9199,9199,9203,9210,9220,9224,9226,9226,9228,9229,9229,9231,9231,9233,9233,9238,9240,9240,9241,9242,9245,9246,9246,9252,9257,9258,9259,9259,9260,9260,9263,9263,9264,9265,9265,9282,9282,9286,9286,9291,9418,9418,9424,9427,9427,9429,9430,9434,9434,9437,9437,9438,9439,9439,9441,9441,9442,9442,9443,9443,9444,9445,9445,9446,9447,9450,9450,9452,9452,9454,9454,9471,9471,9472,9473,9475,9477,9477,9486,9488,9488,9490,9490,9491,9491,9493,9493,9497,9497,9501,9501,9502,9502,9503,9505,9505,9506,9506,9507,9507,9509,9509,9510,9510,9514,9514,9516,9516,9517,9517,9522,9522,9528,9528,9534,9534,9535,9535,9538,9538,9539,9544,9545,9545,9547,9547,9548,9548,9550,9550,9551,9552,9552,9557,9557,9558,9558,9559,9559,9561,9561,9562,9562	True
2273	0031	08	2.0DHA	120	11	16	93	38.0	239.0	9931.0	Barcelona	ENDESA DISTRIBUCIÓN ELÉCTRICA S. L.	293,309,329,452,473,559,629,692,891,977,1006,1053,1084,1101,1138,1326,1349,1421,1432,1456,1496,1503,1559,1608,1681,1694,1917,2508,2543,2690,2711,2745,2824,2969,2987,3008,3019,3177,3178,3211,3242,3257,3269,3287,3290,3300,3545,3595,3612,3793,4111,4474,4482,4582,4816,4825,5450,5451,5465,5525,5541,5607,5641,5783,5806,5814,5828,5891,6131,6132,6136,6137,6137,6367,6370,6500,6506,6855,6877,6881,6882,6882,6893,6978,6978,7003,7027,7067,7502,7524,7582,7582,7723,7869,7869,7923,7957,7957,7959,7959,7981,7997,8390,8390,8396,8396,8575,8575,8580,9014,9074,9087,9087,9191,9191,9206,9206,9274,9333,9333	True
2273	0031	08	2.1A	68	7	2	59	12.0	36.0	6069.0	Barcelona	ENDESA DISTRIBUCIÓN ELÉCTRICA S. L.	386,387,409,424,425,655,658,691,717,718,924,998,1284,1548,1695,1701,1904,1912,2750,2753,2825,2909,3018,3171,3499,3641,4044,4113,4360,4832,5228,5281,5289,5431,5434,5436,5440,5628,5723,5745,5841,6152,6152,6153,6154,6543,6888,7051,7051,7054,7065,7082,7082,7525,7525,7560,7560,7565,7583,7878,7878,9060,9060,9440,9440,9554,9554,9586	True
2273	0031	08	2.1DHA	45	4	7	34	16.0	105.0	3988.0	Barcelona	ENDESA DISTRIBUCIÓN ELÉCTRICA S. L.	398,561,570,696,794,911,1244,1318,1429,1667,1896,2475,2743,2846,2921,3147,3221,3364,3650,3658,4114,4134,4137,4633,5448,5504,5754,5787,6155,6156,6493,7119,7119,7426,7897,7897,7993,7993,8378,8473,8473,9134,9134,9145,9145	True
2273	0031	08	2.1DHS	1	0	0	1	0.0	0.0	46.0	Barcelona	ENDESA DISTRIBUCIÓN ELÉCTRICA S. L.	6461	True
2273	0031	08	3.0A	38	7	3	28	10.0	40.0	1888.0	Barcelona	ENDESA DISTRIBUCIÓN ELÉCTRICA S. L.	644,2596,3326,3350,3603,3704,4070,4081,4470,4590,5231,5432,5446,5647,6160,6161,6434,6530,7048,7055,7056,7057,7078,7079,7414,7521,7528,7629,8082,8446,8610,9182,9414,9414,9468,9468,9527,9527	True
2273	0031	11	2.0A	21	7	0	14	19.0	0.0	1792.0	Cádiz	ENDESA DISTRIBUCIÓN ELÉCTRICA S. L.	862,1041,1049,1060,1239,1314,1317,1338,3292,4866,5091,6512,7609,7610,9106,9106,9107,9107,9451,9451,9540	True
2273	0031	11	2.0DHA	1	0	0	1	0.0	0.0	25.0	Cádiz	ENDESA DISTRIBUCIÓN ELÉCTRICA S. L.	7607	True
2273	0031	14	2.0A	53	7	9	37	25.0	120.0	4128.0	Córdoba	ENDESA DISTRIBUCIÓN ELÉCTRICA S. L.	520,529,538,766,1234,1254,1345,1388,1880,1881,1884,2036,2471,2558,2580,2762,2821,3495,3598,3662,3700,3753,5027,5093,5095,5276,5563,5911,6109,6409,6534,6548,6745,6745,6791,7068,7068,8037,8037,8041,8320,8320,8463,8524,8524,8618,9038,9038,9089,9089,9158,9158,9529	True
2273	0031	14	2.0DHA	3	0	0	3	0.0	0.0	457.0	Córdoba	ENDESA DISTRIBUCIÓN ELÉCTRICA S. L.	1174,2776,2793	True
2273	0031	14	2.1A	1	0	0	1	0.0	0.0	183.0	Córdoba	ENDESA DISTRIBUCIÓN ELÉCTRICA S. L.	1012	True
2273	0031	14	3.0A	2	2	0	0	2.0	0.0	0.0	Córdoba	ENDESA DISTRIBUCIÓN ELÉCTRICA S. L.	9532,9532	True
2273	0031	17	2.0A	309	43	37	229	118.0	557.0	23410.0	Girona	ENDESA DISTRIBUCIÓN ELÉCTRICA S. L.	334,388,444,453,562,585,715,743,757,778,786,817,879,913,939,959,1016,1018,1074,1077,1149,1164,1292,1337,1355,1375,1376,1386,1419,1428,1573,1603,1629,1668,1677,1714,1752,1771,1791,1796,1825,1828,1839,1858,1920,2355,2358,2367,2472,2477,2478,2500,2504,2530,2535,2544,2569,2592,2688,2763,2764,2766,2767,2768,2772,2779,2780,2781,2782,2783,2784,2785,2787,2794,2803,2804,2813,2848,2849,2861,2916,2929,2942,2958,2959,2989,3001,3111,3121,3142,3169,3172,3180,3182,3224,3289,3353,3387,3397,3468,3498,3519,3530,3551,3554,3560,3566,3573,3582,3690,3708,3737,3740,3798,4094,4096,4097,4098,4099,4100,4107,4116,4120,4124,4125,4126,4135,4136,4140,4464,4490,4500,4502,4509,4518,4527,4551,4564,4625,4630,4648,4652,4836,4840,4841,4842,4915,5022,5048,5151,5174,5181,5200,5201,5223,5536,5537,5544,5547,5572,5584,5599,5601,5603,5613,5614,5658,5691,5704,5785,5786,5807,5824,5900,5950,5952,5973,6004,6047,6050,6056,6096,6373,6385,6427,6427,6479,6480,6533,6535,6751,6765,6776,6800,6806,6819,6834,6850,6850,6856,6856,6859,6859,6968,6969,6979,6983,6992,7024,7024,7030,7033,7114,7114,7118,7410,7421,7421,7444,7446,7451,7481,7482,7482,7514,7561,7632,7632,7633,7728,7842,7842,7861,7861,7862,7862,7863,7863,7882,7882,7918,7942,7942,7977,7977,7988,7988,8048,8048,8069,8315,8404,8410,8410,8419,8424,8424,8476,8476,8501,8501,8505,8505,8612,8627,8628,9048,9062,9100,9100,9113,9113,9124,9124,9137,9137,9141,9141,9161,9161,9170,9200,9234,9234,9235,9235,9237,9237,9249,9269,9269,9332,9332,9448,9448,9479,9515,9515,9519,9519,9521,9521,9523,9523,9524,9524,9526,9555,9555	True
2273	0031	17	2.0DHA	12	0	2	10	0.0	29.0	1343.0	Girona	ENDESA DISTRIBUCIÓN ELÉCTRICA S. L.	438,830,984,990,1554,2993,4366,5408,5496,6135,8014,8477	True
2273	0031	17	2.1A	5	0	1	4	0.0	18.0	540.0	Girona	ENDESA DISTRIBUCIÓN ELÉCTRICA S. L.	401,1649,2359,7574,8058	True
2273	0031	17	2.1DHA	2	0	0	2	0.0	0.0	225.0	Girona	ENDESA DISTRIBUCIÓN ELÉCTRICA S. L.	1517,5707	True
2273	0031	17	3.0A	8	0	2	6	0.0	22.0	588.0	Girona	ENDESA DISTRIBUCIÓN ELÉCTRICA S. L.	3113,3114,3302,3580,4095,6895,8478,8478	True
2273	0031	18	2.0A	42	7	9	26	16.0	98.0	2836.0	Granada	ENDESA DISTRIBUCIÓN ELÉCTRICA S. L.	1054,1295,1467,1617,1640,1715,1891,2591,2951,3141,3209,3210,3338,3355,4031,4032,4033,4543,4937,5033,5034,5444,5677,5845,7494,7494,7896,8382,8382,8502,8624,8641,8641,8647,8647,9110,9110,9165,9566,9566,9567,9567	True
2273	0031	18	2.0DHA	7	1	0	6	1.0	0.0	460.0	Granada	ENDESA DISTRIBUCIÓN ELÉCTRICA S. L.	3334,3527,4030,4904,6875,7593,9568	True
2273	0031	18	2.1A	2	0	0	2	0.0	0.0	50.0	Granada	ENDESA DISTRIBUCIÓN ELÉCTRICA S. L.	7448,7448	True
2273	0031	21	2.0A	9	0	4	5	0.0	58.0	400.0	Huelva	ENDESA DISTRIBUCIÓN ELÉCTRICA S. L.	3125,4530,4585,5486,6118,8039,8039,8481,8481	True
2273	0031	22	2.0A	32	2	6	24	2.0	80.0	2691.0	Huesca	ENDESA DISTRIBUCIÓN ELÉCTRICA S. L.	511,657,702,841,842,854,863,934,3293,3638,3640,4035,4040,4042,4635,5342,6012,6035,6072,6388,6388,6463,6463,6748,7992,8002,8327,8327,8595,8595,9541,9541	True
2273	0031	22	2.0DHA	1	0	0	1	0.0	0.0	52.0	Huesca	ENDESA DISTRIBUCIÓN ELÉCTRICA S. L.	6144	True
2273	0031	22	2.1DHA	1	0	0	1	0.0	0.0	52.0	Huesca	ENDESA DISTRIBUCIÓN ELÉCTRICA S. L.	6157	True
2273	0031	22	3.0A	1	0	1	0	0.0	18.0	0.0	Huesca	ENDESA DISTRIBUCIÓN ELÉCTRICA S. L.	8084	True
2273	0031	23	2.0A	8	0	0	8	0.0	0.0	906.0	Jaen	ENDESA DISTRIBUCIÓN ELÉCTRICA S. L.	877,1151,1195,2519,3599,6445,6966,6966	True
2273	0031	25	2.0A	154	17	27	110	41.0	416.0	12306.0	Lleida	ENDESA DISTRIBUCIÓN ELÉCTRICA S. L.	336,471,548,589,646,650,666,677,764,808,893,916,958,1066,1067,1105,1106,1178,1180,1205,1236,1252,1277,1293,1300,1331,1381,1382,1408,1599,1687,1740,1793,1794,1837,1863,1867,2571,2585,2587,2905,2990,2995,3010,3011,3174,3176,3194,3230,3267,3268,3311,3316,3323,3502,3506,3660,3667,3766,3799,4101,4102,4103,4127,4128,4364,4481,4506,4532,4627,4817,4844,4859,4973,5026,5086,5088,5218,5460,5461,5462,5464,5467,5484,5587,5611,5612,5696,5939,6088,6456,6456,6473,6547,6774,6784,6833,6937,7008,7016,7044,7044,7092,7092,7103,7484,7505,7505,7526,7589,7935,7935,7939,7945,7945,7947,7947,7950,7950,7958,7980,7980,8022,8032,8032,8095,8096,8418,8418,8443,8443,8497,8497,8578,8578,8597,8597,9015,9015,9248,9248,9250,9250,9285,9285,9415,9494,9494,9495,9495,9496,9496,9504,9504	True
2273	0031	25	2.0DHA	13	2	2	9	8.0	18.0	953.0	Lleida	ENDESA DISTRIBUCIÓN ELÉCTRICA S. L.	996,1168,1755,4834,4919,4920,5017,5580,5627,8644,8644,9214,9214	True
2273	0031	25	2.1A	5	0	2	3	0.0	36.0	350.0	Lleida	ENDESA DISTRIBUCIÓN ELÉCTRICA S. L.	1072,3475,5535,7912,7912	True
2273	0031	25	2.1DHA	5	0	0	5	0.0	0.0	906.0	Lleida	ENDESA DISTRIBUCIÓN ELÉCTRICA S. L.	393,593,1357,1447,2465	True
2273	0031	25	3.0A	8	2	2	4	2.0	22.0	247.0	Lleida	ENDESA DISTRIBUCIÓN ELÉCTRICA S. L.	3328,5623,6440,7492,8616,8616,9464,9464	True
2273	0031	29	2.0A	26	5	1	20	11.0	11.0	2124.0	Málaga	ENDESA DISTRIBUCIÓN ELÉCTRICA S. L.	468,641,1037,1109,1211,1840,2796,3207,3240,3486,4029,4034,4507,5959,6738,6738,6793,7109,7109,7211,8364,9262,9262,9498,9499,9499	True
2273	0031	29	2.0DHA	4	2	0	2	2.0	0.0	64.0	Málaga	ENDESA DISTRIBUCIÓN ELÉCTRICA S. L.	7090,7090,9485,9485	True
2273	0031	41	2.0A	47	5	6	36	14.0	86.0	4743.0	Sevilla	ENDESA DISTRIBUCIÓN ELÉCTRICA S. L.	389,404,405,406,700,847,991,1001,1059,1078,1198,1444,1562,1797,1824,1832,1877,2704,2845,3002,3115,3228,3319,3575,3578,4650,4855,5066,5463,5564,5709,5711,5734,6066,6075,6467,8023,8023,8274,8274,8611,8611,9103,9279,9279,9565,9565	True
2273	0031	41	2.1DHA	1	0	0	1	0.0	0.0	95.0	Sevilla	ENDESA DISTRIBUCIÓN ELÉCTRICA S. L.	4028	True
2273	0031	42	2.0A	2	0	0	2	0.0	0.0	211.0	Soria	ENDESA DISTRIBUCIÓN ELÉCTRICA S. L.	3297,4039	True
2273	0031	43	2.0A	222	30	19	173	72.0	251.0	16979.0	Tarragona	ENDESA DISTRIBUCIÓN ELÉCTRICA S. L.	333,357,362,375,378,399,413,414,454,470,506,512,545,552,567,605,664,714,716,724,742,826,827,828,861,895,938,951,1013,1171,1378,1436,1509,1511,1542,1575,1616,1683,1728,1732,1739,1784,1838,1856,1892,2560,2583,2765,2791,2823,3014,3149,3152,3154,3231,3238,3255,3312,3344,3359,3464,3465,3494,3532,3544,3571,3594,3600,3648,3723,3724,3742,3743,3777,4077,4078,4079,4080,4084,4465,4471,4473,4542,4552,4569,4577,4583,4584,4905,4927,4969,4974,5015,5025,5028,5031,5045,5060,5090,5156,5425,5441,5458,5524,5576,5578,5609,5609,5618,5659,5661,5671,5718,5722,5779,5931,5932,5960,5975,5996,6003,6016,6092,6094,6108,6122,6415,6476,6529,6666,6668,6772,6775,6778,6781,6781,6799,6824,6865,6866,6867,6867,6936,6939,6952,6952,7001,7023,7023,7035,7042,7094,7107,7107,7141,7141,7142,7142,7423,7427,7427,7439,7490,7490,7519,7538,7553,7558,7558,7592,7598,7598,7614,7844,7844,7973,7974,7974,7985,8438,8440,8444,8506,8506,8515,8515,8550,8552,8562,8579,8579,8600,9039,9039,9041,9041,9059,9059,9193,9193,9207,9207,9222,9244,9255,9255,9435,9436,9436,9478,9478,9480,9480,9512,9512,9520,9520,9536,9537,9537,9546,9564	True
2273	0031	43	2.0DHA	13	1	2	10	4.0	22.0	1168.0	Tarragona	ENDESA DISTRIBUCIÓN ELÉCTRICA S. L.	940,1207,1368,2335,2460,2827,5414,5492,6387,6883,8485,8485,9129	True
2273	0031	43	2.1A	9	2	2	5	2.0	36.0	459.0	Tarragona	ENDESA DISTRIBUCIÓN ELÉCTRICA S. L.	1576,1691,5698,6887,6887,8013,8013,9560,9560	True
2273	0031	43	2.1DHA	5	0	0	5	0.0	0.0	360.0	Tarragona	ENDESA DISTRIBUCIÓN ELÉCTRICA S. L.	2689,4477,5227,6891,7501	True
2273	0031	43	3.0A	3	0	0	3	0.0	0.0	229.0	Tarragona	ENDESA DISTRIBUCIÓN ELÉCTRICA S. L.	4085,5232,5664	True
2273	0031	44	2.0A	16	3	4	9	8.0	44.0	621.0	Teruel	ENDESA DISTRIBUCIÓN ELÉCTRICA S. L.	4038,4480,5053,5054,5574,5822,5829,5948,5963,8358,8358,8449,8465,9216,9311,9311	True
2273	0031	44	2.1DHA	2	0	0	2	0.0	0.0	50.0	Teruel	ENDESA DISTRIBUCIÓN ELÉCTRICA S. L.	7570,7570	True
2273	0031	46	2.0A	2	0	0	2	0.0	0.0	50.0	València	ENDESA DISTRIBUCIÓN ELÉCTRICA S. L.	7618,7618	True
2273	0031	50	2.0A	103	11	26	66	35.0	335.0	4644.0	Zaragoza	ENDESA DISTRIBUCIÓN ELÉCTRICA S. L.	1245,1502,2712,3144,3196,3198,3285,3318,3341,3365,3371,3376,3392,3472,3476,3611,3651,3745,4036,4037,4596,4597,4600,4631,5010,5059,5149,5158,5204,5219,5443,5473,5498,5721,5727,5750,5762,5877,5977,6078,6085,6363,6366,6366,6421,6459,6492,6711,6723,6723,6729,6749,6953,6955,7005,7045,7045,7134,7441,7441,7511,7511,7515,7515,7520,7520,7857,7858,7919,7919,7921,7994,7994,8362,8362,8389,8392,8399,8439,8439,8488,8488,8491,8491,8511,8511,8521,8521,8543,8543,8544,8565,9194,9194,9202,9202,9204,9204,9208,9208,9425,9425,9563	True
2273	0031	50	2.0DHA	5	2	0	3	8.0	0.0	191.0	Zaragoza	ENDESA DISTRIBUCIÓN ELÉCTRICA S. L.	4857,5557,6143,9128,9128	True
2273	0031	50	2.1A	1	0	0	1	0.0	0.0	74.0	Zaragoza	ENDESA DISTRIBUCIÓN ELÉCTRICA S. L.	5230	True
2273	0031	50	2.1DHA	3	0	0	3	0.0	0.0	200.0	Zaragoza	ENDESA DISTRIBUCIÓN ELÉCTRICA S. L.	3167,6424,6890	True
2273	0031	None	2.0A	1	0	0	1	0.0	0.0	213.0	None	ENDESA DISTRIBUCIÓN ELÉCTRICA S. L.	483	True
2280	0021	01	2.0A	12	0	3	9	0.0	33.0	1233.0	Araba	IBERDROLA DISTRIBUCIÓN ELÉCTRICA, S.A.U	773,820,1003,1785,1803,1869,4423,5184,6683,8442,8479,8479	True
2280	0021	01	2.0DHA	1	0	0	1	0.0	0.0	52.0	Araba	IBERDROLA DISTRIBUCIÓN ELÉCTRICA, S.A.U	6134	True
2280	0021	02	2.0A	27	2	4	21	2.0	58.0	2405.0	Albacete	IBERDROLA DISTRIBUCIÓN ELÉCTRICA, S.A.U	531,591,618,986,1009,1363,1534,1539,1680,3188,4398,4572,4929,5383,5517,5519,6441,6444,6825,6825,7089,8055,8059,8520,8585,9364,9364	True
2280	0021	02	2.0DHA	3	0	0	3	0.0	0.0	215.0	Albacete	IBERDROLA DISTRIBUCIÓN ELÉCTRICA, S.A.U	1485,7636,7636	True
2280	0021	02	2.1A	1	0	0	1	0.0	0.0	32.0	Albacete	IBERDROLA DISTRIBUCIÓN ELÉCTRICA, S.A.U	7034	True
2280	0021	02	2.1DHA	2	0	0	2	0.0	0.0	290.0	Albacete	IBERDROLA DISTRIBUCIÓN ELÉCTRICA, S.A.U	1043,3624	True
2280	0021	03	2.0A	146	26	27	93	80.0	402.0	10037.0	Alacant	IBERDROLA DISTRIBUCIÓN ELÉCTRICA, S.A.U	239,462,463,472,481,485,565,648,730,784,852,857,900,992,995,1010,1123,1194,1280,1336,1344,1380,1400,1623,1643,1719,1751,1753,1772,1773,1854,1882,1894,2467,2555,2758,2952,3131,3225,3298,3325,3356,3615,4286,4307,4315,4322,4339,4384,4409,4513,4624,4626,4632,4932,5084,5197,5199,5207,5275,5472,5485,5685,5740,5823,5831,5946,5990,6089,6091,6098,6133,6133,6364,6429,6502,6502,6503,6539,6540,6678,6681,6687,6809,7215,7420,7468,7468,7471,7471,7549,7550,7550,7903,7903,7904,7904,7920,7970,7970,7987,7987,7990,7990,8021,8021,8083,8085,8323,8353,8353,8381,8381,8420,8420,8503,8503,8529,8529,8581,8845,8845,9030,9120,9120,9122,9122,9135,9138,9138,9139,9139,9148,9168,9168,9253,9280,9280,9355,9355,9356,9356,9373,9373,9392,9392	True
2280	0021	03	2.0DHA	17	4	3	10	16.0	47.0	845.0	Alacant	IBERDROLA DISTRIBUCIÓN ELÉCTRICA, S.A.U	435,803,3024,4813,5569,6880,6880,6886,7418,7470,7841,7948,8325,9164,9164,9167,9167	True
2280	0021	03	2.1A	4	0	0	4	0.0	0.0	576.0	Alacant	IBERDROLA DISTRIBUCIÓN ELÉCTRICA, S.A.U	262,1309,4301,4302	True
2280	0021	03	2.1DHA	5	2	0	3	2.0	0.0	318.0	Alacant	IBERDROLA DISTRIBUCIÓN ELÉCTRICA, S.A.U	1557,4290,5479,9386,9386	True
2280	0021	03	3.0A	3	0	0	3	0.0	0.0	260.0	Alacant	IBERDROLA DISTRIBUCIÓN ELÉCTRICA, S.A.U	3607,4340,5720	True
2280	0021	05	2.0A	10	0	2	8	0.0	36.0	651.0	Avila	IBERDROLA DISTRIBUCIÓN ELÉCTRICA, S.A.U	1302,3272,3276,5041,5428,6368,6841,7435,8034,8034	True
2280	0021	06	2.0A	2	0	0	2	0.0	0.0	106.0	Badajoz	IBERDROLA DISTRIBUCIÓN ELÉCTRICA, S.A.U	5512,6447	True
2280	0021	09	2.0A	40	4	4	32	10.0	72.0	3397.0	Burgos	IBERDROLA DISTRIBUCIÓN ELÉCTRICA, S.A.U	266,651,698,770,935,1169,1369,1654,2698,2802,2944,3216,3273,3345,3385,3535,3581,4491,4568,4916,4931,5040,5246,5625,6055,6333,7075,7075,7510,7600,7601,7601,8000,8064,8064,8065,9281,9281,9383,9383	True
2280	0021	09	2.0DHA	3	2	0	1	2.0	0.0	52.0	Burgos	IBERDROLA DISTRIBUCIÓN ELÉCTRICA, S.A.U	6145,9382,9382	True
2280	0021	10	2.0A	8	2	2	4	2.0	36.0	562.0	Cáceres	IBERDROLA DISTRIBUCIÓN ELÉCTRICA, S.A.U	1621,2707,2835,2915,8090,8090,9393,9393	True
2280	0021	10	2.0DHA	3	2	0	1	2.0	0.0	60.0	Cáceres	IBERDROLA DISTRIBUCIÓN ELÉCTRICA, S.A.U	5799,9407,9407	True
2280	0021	12	2.0A	89	8	16	65	20.0	204.0	7703.0	Castelló	IBERDROLA DISTRIBUCIÓN ELÉCTRICA, S.A.U	432,660,661,735,814,832,834,835,883,915,1136,1219,1222,1233,1287,1335,1343,1348,1365,1524,1747,1831,2488,2510,2550,2562,2684,2940,3123,3132,3134,3260,3305,3342,3372,3379,3601,4305,4310,4328,4390,4430,4599,4615,4978,4979,5049,5150,5153,5159,5490,5620,5620,5656,5695,5701,6086,6379,6620,6621,6695,6695,6722,6828,7572,7888,7888,7975,7975,8394,8394,8413,8413,8430,8430,8448,8468,8468,8531,8536,8536,9088,9088,9160,9160,9358,9358,9388,9388	True
2280	0021	12	2.0DHA	11	2	1	8	8.0	11.0	984.0	Castelló	IBERDROLA DISTRIBUCIÓN ELÉCTRICA, S.A.U	564,1052,1313,1705,3552,5717,5781,6876,8387,9243,9243	True
2280	0021	12	2.1A	1	0	0	1	0.0	0.0	171.0	Castelló	IBERDROLA DISTRIBUCIÓN ELÉCTRICA, S.A.U	1402	True
2280	0021	12	2.1DHA	4	0	0	4	0.0	0.0	212.0	Castelló	IBERDROLA DISTRIBUCIÓN ELÉCTRICA, S.A.U	3404,6949,6949,7026	True
2280	0021	16	2.0A	14	4	6	4	16.0	108.0	502.0	Cuenca	IBERDROLA DISTRIBUCIÓN ELÉCTRICA, S.A.U	555,1184,5710,6139,7837,7837,7838,7838,7839,7839,9055,9055,9190,9190	True
2280	0021	16	2.0DHA	2	2	0	0	8.0	0.0	0.0	Cuenca	IBERDROLA DISTRIBUCIÓN ELÉCTRICA, S.A.U	9075,9075	True
2280	0021	16	2.1A	2	0	0	2	0.0	0.0	286.0	Cuenca	IBERDROLA DISTRIBUCIÓN ELÉCTRICA, S.A.U	1223,3449	True
2280	0021	16	2.1DHA	3	0	2	1	0.0	36.0	137.0	Cuenca	IBERDROLA DISTRIBUCIÓN ELÉCTRICA, S.A.U	2709,7946,7946	True
2280	0021	19	2.0A	16	4	4	8	10.0	72.0	997.0	Guadalajara	IBERDROLA DISTRIBUCIÓN ELÉCTRICA, S.A.U	419,1273,1498,1657,4412,4594,4936,6731,7887,7887,7895,7895,9153,9153,9353,9353	True
2280	0021	20	2.0A	13	0	3	10	0.0	36.0	1227.0	Gipuzkoa	IBERDROLA DISTRIBUCIÓN ELÉCTRICA, S.A.U	596,1801,1802,2936,3256,3507,4303,4335,4336,4439,7971,8643,8643	True
2280	0021	20	2.0DHA	1	0	0	1	0.0	0.0	60.0	Gipuzkoa	IBERDROLA DISTRIBUCIÓN ELÉCTRICA, S.A.U	5604	True
2280	0021	20	2.1A	1	0	0	1	0.0	0.0	199.0	Gipuzkoa	IBERDROLA DISTRIBUCIÓN ELÉCTRICA, S.A.U	671	True
2280	0021	24	2.0A	7	0	2	5	0.0	22.0	516.0	León	IBERDROLA DISTRIBUCIÓN ELÉCTRICA, S.A.U	1202,3232,3764,5728,5808,8518,8518	True
2280	0021	24	2.0DHA	3	0	0	3	0.0	0.0	486.0	León	IBERDROLA DISTRIBUCIÓN ELÉCTRICA, S.A.U	458,464,5716	True
2280	0021	24	2.1A	1	0	0	1	0.0	0.0	38.0	León	IBERDROLA DISTRIBUCIÓN ELÉCTRICA, S.A.U	6889	True
2280	0021	24	2.1DHA	1	0	0	1	0.0	0.0	183.0	León	IBERDROLA DISTRIBUCIÓN ELÉCTRICA, S.A.U	1035	True
2280	0021	26	2.0A	60	4	5	51	4.0	69.0	5744.0	La Rioja	IBERDROLA DISTRIBUCIÓN ELÉCTRICA, S.A.U	264,477,626,865,876,896,917,949,963,969,1061,1088,1089,1111,1113,1307,1399,1580,1609,1610,1662,1682,2730,3127,3675,4419,4593,4872,5220,5424,5515,5644,5653,5676,5689,6009,6011,6105,6129,6411,6411,6413,6414,6452,6497,6497,6537,6537,6734,6734,6950,7925,7925,8339,8339,8466,9359,9359,9399,9399	True
2280	0021	26	2.0DHA	2	0	2	0	0.0	36.0	0.0	La Rioja	IBERDROLA DISTRIBUCIÓN ELÉCTRICA, S.A.U	7836,7836	True
2280	0021	26	2.1A	4	0	2	2	0.0	22.0	124.0	La Rioja	IBERDROLA DISTRIBUCIÓN ELÉCTRICA, S.A.U	5283,6150,8338,8338	True
2280	0021	28	2.0A	347	43	43	261	127.0	590.0	26408.0	Madrid	IBERDROLA DISTRIBUCIÓN ELÉCTRICA, S.A.U	214,215,252,255,257,265,365,416,421,427,466,467,547,588,627,697,705,727,744,801,802,882,897,905,920,1000,1011,1015,1028,1038,1039,1068,1083,1085,1126,1141,1229,1276,1278,1290,1324,1358,1373,1401,1468,1482,1492,1500,1501,1520,1537,1544,1569,1595,1605,1624,1628,1633,1647,1659,1661,1674,1676,1698,1710,1716,1733,1757,1769,1779,1820,1835,1850,1866,1868,1900,1905,1911,2344,2353,2487,2511,2512,2513,2514,2515,2517,2533,2578,2687,2697,2832,2854,2911,2948,3013,3016,3130,3155,3322,3346,3349,3352,3399,3458,3459,3523,3525,3531,3540,3583,3639,3663,3665,3685,3725,3739,3755,4174,4279,4287,4291,4292,4294,4298,4308,4318,4323,4334,4341,4381,4402,4407,4410,4411,4413,4428,4442,4508,4512,4545,4598,4602,4603,4620,4647,4702,4823,4863,4867,4869,4870,4908,4930,5011,5089,5148,5155,5189,5249,5285,5385,5387,5395,5396,5427,5442,5495,5509,5539,5546,5548,5568,5638,5649,5739,5744,5773,5792,5795,5812,5878,5942,5979,6021,6074,6112,6112,6127,6331,6378,6389,6390,6390,6490,6504,6510,6677,6697,6698,6725,6732,6736,6757,6777,6785,6794,6801,6832,6854,6857,6973,6994,7002,7004,7009,7021,7021,7066,7066,7085,7085,7093,7106,7106,7120,7216,7216,7242,7242,7411,7411,7412,7412,7436,7436,7456,7456,7474,7506,7506,7507,7507,7508,7555,7555,7556,7556,7576,7577,7577,7581,7581,7611,7611,7616,7621,7621,7622,7635,7639,7853,7853,7859,7859,7885,7885,7915,7952,8033,8044,8044,8066,8066,8073,8077,8119,8119,8314,8314,8337,8367,8367,8385,8385,8388,8388,8407,8415,8427,8428,8428,8441,8441,8454,8526,8526,8557,8559,8559,8594,8594,8596,8596,9018,9018,9044,9044,9052,9052,9069,9069,9136,9136,9143,9143,9144,9144,9149,9149,9212,9212,9217,9217,9225,9225,9227,9227,9277,9277,9287,9287,9357,9357,9376,9376,9379,9379,9384,9391,9391,9394,9394,9396,9396,9404,9404	True
2280	0021	28	2.0DHA	24	1	5	18	4.0	62.0	1691.0	Madrid	IBERDROLA DISTRIBUCIÓN ELÉCTRICA, S.A.U	771,1014,1030,1310,2974,3136,3244,3466,5214,5593,5617,5766,6396,6396,6872,6872,7020,7020,8001,8357,8359,8359,8380,9101	True
2280	0021	28	2.1A	4	0	0	4	0.0	0.0	400.0	Madrid	IBERDROLA DISTRIBUCIÓN ELÉCTRICA, S.A.U	1579,3368,5430,5503	True
2280	0021	28	2.1DHA	10	2	0	8	8.0	0.0	1000.0	Madrid	IBERDROLA DISTRIBUCIÓN ELÉCTRICA, S.A.U	1299,1486,1738,2818,3259,3299,4321,6625,9118,9118	True
2280	0021	28	3.0A	1	0	1	0	0.0	11.0	0.0	Madrid	IBERDROLA DISTRIBUCIÓN ELÉCTRICA, S.A.U	8451	True
2280	0021	30	2.0A	72	14	15	43	50.0	207.0	5228.0	Murcia	IBERDROLA DISTRIBUCIÓN ELÉCTRICA, S.A.U	233,249,510,759,978,1121,1172,1173,1504,1541,1690,1764,1765,2350,2351,2462,2682,2706,2713,2932,2933,2984,3129,3448,3596,3597,3670,3741,4317,4368,4414,4440,4499,4531,4917,5417,5565,5987,6486,6488,6489,6993,7064,7848,7848,7954,7954,8063,8063,8555,8555,8567,8569,8569,8573,8573,8576,8576,9150,9150,9169,9169,9185,9185,9213,9213,9232,9232,9251,9251,9398,9398	True
2280	0021	30	2.0DHA	4	0	0	4	0.0	0.0	694.0	Murcia	IBERDROLA DISTRIBUCIÓN ELÉCTRICA, S.A.U	533,668,1886,2751	True
2280	0021	30	2.1A	2	0	2	0	0.0	22.0	0.0	Murcia	IBERDROLA DISTRIBUCIÓN ELÉCTRICA, S.A.U	8534,8534	True
2280	0021	30	2.1DHA	1	0	0	1	0.0	0.0	179.0	Murcia	IBERDROLA DISTRIBUCIÓN ELÉCTRICA, S.A.U	1220	True
2280	0021	31	2.0A	184	39	33	112	108.0	475.0	11323.0	Navarra	IBERDROLA DISTRIBUCIÓN ELÉCTRICA, S.A.U	102,422,505,619,683,755,775,831,848,871,903,961,1140,1158,1212,1246,1247,1266,1312,1332,1416,1521,1525,1849,1870,1889,1910,2050,2321,2336,2363,2509,2518,2531,2579,2710,2800,2838,2947,2954,2962,3012,3026,3229,3237,3275,3301,3367,3496,3505,3610,3693,3711,4295,4330,4331,4337,4387,4421,4560,4659,4861,4935,5047,5162,5175,5235,5282,5393,5411,5437,5501,5510,5591,5683,5733,5735,5763,5827,5835,5882,5935,6008,6332,6451,6468,6477,6516,6623,6624,6701,6707,6770,6787,6987,6987,7017,7017,7080,7080,7210,7402,7454,7465,7499,7499,7542,7615,7615,7627,7628,7628,7872,7872,7936,7936,7962,7962,7969,7969,7986,7986,8030,8030,8072,8072,8074,8081,8335,8341,8341,8453,8453,8456,8456,8510,8510,8547,8547,8551,8551,8587,8587,8588,8588,9026,9026,9056,9056,9057,9057,9070,9070,9111,9111,9123,9123,9130,9130,9142,9142,9152,9152,9159,9159,9209,9211,9211,9348,9348,9362,9362,9365,9365,9371,9371,9387,9387,9395,9395,9397,9397,9402,9402	True
2280	0021	31	2.0DHA	11	0	6	5	0.0	80.0	646.0	Navarra	IBERDROLA DISTRIBUCIÓN ELÉCTRICA, S.A.U	779,1330,2778,4393,6140,8042,8042,8461,8461,8538,8538	True
2280	0021	31	2.1A	3	0	0	3	0.0	0.0	257.0	Navarra	IBERDROLA DISTRIBUCIÓN ELÉCTRICA, S.A.U	581,7537,7537	True
2280	0021	31	2.1DHA	3	0	0	3	0.0	0.0	245.0	Navarra	IBERDROLA DISTRIBUCIÓN ELÉCTRICA, S.A.U	3050,4280,7431	True
2280	0021	31	3.0A	3	0	0	3	0.0	0.0	297.0	Navarra	IBERDROLA DISTRIBUCIÓN ELÉCTRICA, S.A.U	3692,3694,4309	True
2280	0021	34	2.0A	9	0	0	9	0.0	0.0	801.0	Palencia	IBERDROLA DISTRIBUCIÓN ELÉCTRICA, S.A.U	1050,1224,1451,5534,5771,6067,6980,7000,7000	True
2280	0021	37	2.0A	12	2	1	9	8.0	11.0	1029.0	Salamanca	IBERDROLA DISTRIBUCIÓN ELÉCTRICA, S.A.U	216,684,994,3320,3358,5147,6425,6682,6682,8433,9157,9157	True
2280	0021	37	2.0DHA	1	0	0	1	0.0	0.0	87.0	Salamanca	IBERDROLA DISTRIBUCIÓN ELÉCTRICA, S.A.U	4416	True
2280	0021	37	2.1A	1	0	0	1	0.0	0.0	144.0	Salamanca	IBERDROLA DISTRIBUCIÓN ELÉCTRICA, S.A.U	2476	True
2280	0021	39	2.0A	2	0	0	2	0.0	0.0	245.0	Cantabria	IBERDROLA DISTRIBUCIÓN ELÉCTRICA, S.A.U	457,6967	True
2280	0021	42	2.0A	7	2	0	5	8.0	0.0	515.0	Soria	IBERDROLA DISTRIBUCIÓN ELÉCTRICA, S.A.U	1201,1864,4283,6521,6526,9046,9046	True
2280	0021	45	2.0A	21	6	1	14	14.0	18.0	1159.0	Toledo	IBERDROLA DISTRIBUCIÓN ELÉCTRICA, S.A.U	936,2708,2731,2732,3709,4333,4415,5469,6027,6626,6692,6995,6995,7567,8088,9082,9082,9310,9310,9367,9367	True
2280	0021	45	2.0DHA	5	0	0	5	0.0	0.0	473.0	Toledo	IBERDROLA DISTRIBUCIÓN ELÉCTRICA, S.A.U	2733,2734,4332,5757,6377	True
2280	0021	46	2.0A	437	46	59	332	124.0	822.0	37119.0	València	IBERDROLA DISTRIBUCIÓN ELÉCTRICA, S.A.U	205,232,235,237,245,247,258,260,263,352,377,423,440,465,479,516,546,556,586,597,601,633,652,653,674,719,738,753,762,772,780,798,818,833,840,880,881,919,955,972,976,981,982,989,1092,1100,1107,1117,1133,1145,1147,1155,1156,1181,1182,1186,1206,1209,1210,1226,1228,1237,1238,1286,1319,1320,1340,1341,1359,1374,1384,1406,1422,1423,1425,1431,1434,1453,1481,1483,1487,1519,1530,1558,1566,1597,1606,1614,1625,1626,1627,1632,1638,1656,1692,1696,1702,1704,1731,1759,1763,1781,1787,1790,1809,1842,1852,1860,1887,1899,2326,2331,2332,2333,2349,2457,2534,2537,2552,2568,2681,2686,2736,2737,2738,2739,2740,2775,2788,2792,2816,2837,2928,2949,2964,2998,3017,3031,3135,3138,3192,3279,3310,3315,3329,3339,3357,3382,3386,3390,3410,3469,3470,3471,3491,3501,3511,3542,3550,3563,3565,3602,3604,3622,3623,3633,3687,3688,3710,3712,3713,3714,3734,3735,3754,3758,4277,4281,4284,4288,4289,4296,4311,4312,4313,4314,4316,4320,4324,4325,4326,4329,4361,4371,4394,4401,4403,4404,4408,4417,4418,4422,4424,4426,4427,4443,4487,4489,4540,4544,4605,4617,4623,4829,4833,4848,4858,4918,4933,4977,5013,5030,5161,5164,5167,5183,5187,5205,5206,5208,5245,5270,5399,5453,5489,5499,5553,5555,5556,5571,5588,5666,5670,5702,5712,5724,5752,5782,5791,5805,5809,5813,5929,5929,5933,5934,5966,5982,5982,5986,6005,6028,6029,6034,6057,6057,6087,6116,6126,6412,6417,6443,6448,6448,6457,6458,6474,6501,6501,6507,6546,6669,6671,6675,6693,6699,6700,6700,6703,6703,6708,6708,6712,6712,6713,6714,6718,6728,6735,6768,6786,6786,6804,6805,6808,6815,6820,6822,6835,6956,6959,6984,6989,6989,7011,7072,7087,7087,7088,7088,7095,7095,7096,7398,7398,7400,7442,7442,7459,7523,7640,7640,7855,7894,7894,7937,7937,7955,7955,7966,7968,8003,8009,8010,8020,8020,8025,8026,8026,8028,8028,8029,8029,8040,8040,8046,8087,8328,8328,8342,8373,8421,8421,8425,8425,8445,8445,8455,8455,8458,8458,8460,8460,8469,8474,8474,8484,8484,8508,8512,8512,8535,8535,8558,8558,8563,8563,8591,8591,8639,8639,9051,9051,9085,9085,9095,9095,9102,9102,9112,9112,9131,9131,9155,9179,9179,9215,9215,9221,9221,9239,9239,9254,9254,9275,9284,9284,9363,9363,9368,9368,9374,9374,9380,9380,9381,9381,9390,9390,9400,9400,9401,9401,9403,9403,9406,9406	True
2280	0021	46	2.0DHA	7	0	0	7	0.0	0.0	723.0	València	IBERDROLA DISTRIBUCIÓN ELÉCTRICA, S.A.U	428,1403,2938,4692,6142,6884,6884	True
2280	0021	46	2.1A	5	0	1	4	0.0	18.0	538.0	València	IBERDROLA DISTRIBUCIÓN ELÉCTRICA, S.A.U	1455,2839,2840,4297,7982	True
2280	0021	46	2.1DHA	10	6	2	2	18.0	36.0	153.0	València	IBERDROLA DISTRIBUCIÓN ELÉCTRICA, S.A.U	4306,5790,7996,7996,9163,9163,9201,9201,9361,9361	True
2280	0021	46	3.0A	3	0	2	1	0.0	29.0	52.0	València	IBERDROLA DISTRIBUCIÓN ELÉCTRICA, S.A.U	6158,7868,8548	True
2280	0021	47	2.0A	26	2	6	18	8.0	66.0	2345.0	Valladolid	IBERDROLA DISTRIBUCIÓN ELÉCTRICA, S.A.U	806,816,1132,1305,1311,1364,1814,1816,1817,1875,2843,3609,4501,5014,5179,5592,6121,6121,8375,8375,8377,8377,8556,8556,9097,9097	True
2280	0021	47	2.0DHA	3	0	0	3	0.0	0.0	129.0	Valladolid	IBERDROLA DISTRIBUCIÓN ELÉCTRICA, S.A.U	6147,6147,7449	True
2280	0021	47	2.1A	3	0	0	3	0.0	0.0	453.0	Valladolid	IBERDROLA DISTRIBUCIÓN ELÉCTRICA, S.A.U	1806,1807,1808	True
2280	0021	48	2.0A	72	8	14	50	26.0	189.0	5190.0	Bizkaia	IBERDROLA DISTRIBUCIÓN ELÉCTRICA, S.A.U	243,441,788,789,855,1391,1392,1412,1441,1572,1799,1800,2572,2694,2769,2810,3020,3204,3308,3456,3539,3616,3644,3649,3676,3702,4155,4285,4327,4420,5146,5157,5471,5494,5527,5533,5624,5646,5675,5697,5837,6061,6120,6792,6844,7006,7038,7038,7642,7642,7964,7964,7965,7965,8078,8318,8318,8330,8330,8343,8400,8400,8590,8590,9028,9028,9031,9031,9283,9283,9370,9370	True
2280	0021	48	2.0DHA	8	2	3	3	8.0	40.0	206.0	Bizkaia	IBERDROLA DISTRIBUCIÓN ELÉCTRICA, S.A.U	3512,5171,7590,7845,8517,8517,9029,9029	True
2280	0021	48	2.1A	1	0	0	1	0.0	0.0	171.0	Bizkaia	IBERDROLA DISTRIBUCIÓN ELÉCTRICA, S.A.U	1410	True
2280	0021	49	2.0A	2	0	0	2	0.0	0.0	260.0	Zamora	IBERDROLA DISTRIBUCIÓN ELÉCTRICA, S.A.U	2565,3401	True
2280	0021	49	2.0DHA	2	2	0	0	8.0	0.0	0.0	Zamora	IBERDROLA DISTRIBUCIÓN ELÉCTRICA, S.A.U	9050,9050	True
2280	0021	49	2.1A	1	0	0	1	0.0	0.0	183.0	Zamora	IBERDROLA DISTRIBUCIÓN ELÉCTRICA, S.A.U	904	True
2280	0021	None	2.0A	1	0	0	1	0.0	0.0	38.0	None	IBERDROLA DISTRIBUCIÓN ELÉCTRICA, S.A.U	6817	True
2280	0021	None	3.0A	1	0	0	1	0.0	0.0	116.0	None	IBERDROLA DISTRIBUCIÓN ELÉCTRICA, S.A.U	3409	True
2301	0113	08	2.0A	1	0	0	1	0.0	0.0	151.0	Barcelona	ESTABANELL Y PAHISA ENERGIA	1903	True
2316	0022	13	2.0A	12	0	2	10	0.0	20.0	809.0	Ciudad Real	UNIÓN FENOSA DISTRIBUCIÓN S.A.	611,1269,3124,5502,5713,5815,6495,6965,7013,7613,8638,8638	True
2316	0022	13	2.0DHA	1	0	0	1	0.0	0.0	183.0	Ciudad Real	UNIÓN FENOSA DISTRIBUCIÓN S.A.	1135	True
2316	0022	13	2.1A	1	0	0	1	0.0	0.0	199.0	Ciudad Real	UNIÓN FENOSA DISTRIBUCIÓN S.A.	809	True
2316	0022	13	2.1DHA	5	0	0	5	0.0	0.0	443.0	Ciudad Real	UNIÓN FENOSA DISTRIBUCIÓN S.A.	2975,2980,3462,6892,6892	True
2316	0022	13	3.0A	1	0	0	1	0.0	0.0	38.0	Ciudad Real	UNIÓN FENOSA DISTRIBUCIÓN S.A.	6894	True
2316	0022	15	2.0A	46	4	12	30	16.0	132.0	3731.0	A Coruña	UNIÓN FENOSA DISTRIBUCIÓN S.A.	451,541,587,675,704,870,889,945,1361,1741,1812,1826,2786,2934,2994,3161,3250,3251,3380,3661,4016,4024,4619,4868,6380,6727,7053,7053,7098,7243,8345,8345,8346,8346,8347,8347,8348,8348,8349,8349,8598,8598,9180,9180,9230,9230	True
2316	0022	15	2.0DHA	5	0	0	5	0.0	0.0	505.0	A Coruña	UNIÓN FENOSA DISTRIBUCIÓN S.A.	944,2494,4466,5410,7455	True
2316	0022	15	2.1A	3	0	0	3	0.0	0.0	318.0	A Coruña	UNIÓN FENOSA DISTRIBUCIÓN S.A.	594,5016,7050	True
2316	0022	16	2.0A	1	0	0	1	0.0	0.0	183.0	Cuenca	UNIÓN FENOSA DISTRIBUCIÓN S.A.	941	True
2316	0022	19	2.0A	4	0	1	3	0.0	11.0	218.0	Guadalajara	UNIÓN FENOSA DISTRIBUCIÓN S.A.	4516,5272,5730,8411	True
2316	0022	19	2.0DHA	3	0	2	1	0.0	22.0	221.0	Guadalajara	UNIÓN FENOSA DISTRIBUCIÓN S.A.	123,8533,8533	True
2316	0022	24	2.0A	7	2	0	5	8.0	0.0	713.0	León	UNIÓN FENOSA DISTRIBUCIÓN S.A.	534,1477,1484,1762,7416,9219,9219	True
2316	0022	24	2.0DHA	1	0	0	1	0.0	0.0	60.0	León	UNIÓN FENOSA DISTRIBUCIÓN S.A.	5452	True
2316	0022	24	2.1A	1	0	0	1	0.0	0.0	116.0	León	UNIÓN FENOSA DISTRIBUCIÓN S.A.	3314	True
2316	0022	27	2.0A	2	0	0	2	0.0	0.0	302.0	Lugo	UNIÓN FENOSA DISTRIBUCIÓN S.A.	603,4023	True
2316	0022	28	2.0A	190	17	26	147	68.0	360.0	15671.0	Madrid	UNIÓN FENOSA DISTRIBUCIÓN S.A.	116,122,193,380,407,420,519,544,578,613,621,693,695,709,749,792,933,954,968,1020,1034,1065,1076,1114,1152,1197,1203,1301,1328,1413,1457,1538,1545,1602,1607,1706,1712,1729,1774,1777,1833,1915,1916,2323,2342,2354,2502,2557,2746,2756,2836,2906,2927,2943,2955,2976,2978,2986,3003,3040,3110,3122,3133,3146,3162,3184,3233,3239,3246,3309,3394,3467,3513,3570,3627,3680,3751,3767,4021,4022,4363,4456,4461,4511,4535,4536,4611,4622,4864,4913,5085,5506,5513,5558,5589,5600,5668,5731,5747,5755,5760,5764,5817,5833,5875,5876,5962,5989,5995,5997,6038,6125,6186,6186,6365,6420,6431,6673,6702,6721,6724,6724,6789,6795,6803,7040,7047,7076,7084,7086,7086,7111,7111,7404,7404,7408,7408,7438,7463,7485,7485,7527,7547,7575,7646,7718,7718,7849,7873,7893,7893,7922,7951,7951,7983,8275,8275,8276,8276,8277,8277,8369,8369,8417,8417,8482,8483,8500,8500,8528,8539,8582,8582,9016,9016,9043,9043,9053,9053,9173,9173,9218,9218,9223,9223,9236,9236,9273,9273,9278	True
2316	0022	28	2.0DHA	18	2	1	15	6.0	18.0	1330.0	Madrid	UNIÓN FENOSA DISTRIBUCIÓN S.A.	204,1153,1675,3281,4019,4559,4682,4873,5619,5660,6545,6871,6871,6878,6963,8008,9295,9295	True
2316	0022	28	2.1A	3	0	1	2	0.0	14.0	64.0	Madrid	UNIÓN FENOSA DISTRIBUCIÓN S.A.	7022,7022,8280	True
2316	0022	28	2.1DHA	3	0	2	1	0.0	22.0	130.0	Madrid	UNIÓN FENOSA DISTRIBUCIÓN S.A.	2965,8429,8429	True
2316	0022	28	2.1DHS	1	0	0	1	0.0	0.0	155.0	Madrid	UNIÓN FENOSA DISTRIBUCIÓN S.A.	1748	True
2316	0022	28	3.0A	4	0	0	4	0.0	0.0	281.0	Madrid	UNIÓN FENOSA DISTRIBUCIÓN S.A.	3699,4020,6162,7049	True
2316	0022	32	2.0A	2	0	0	2	0.0	0.0	50.0	Ourense	UNIÓN FENOSA DISTRIBUCIÓN S.A.	7594,7594	True
2316	0022	32	2.0DHA	1	0	0	1	0.0	0.0	151.0	Ourense	UNIÓN FENOSA DISTRIBUCIÓN S.A.	1907	True
2316	0022	32	2.1DHA	2	0	0	2	0.0	0.0	330.0	Ourense	UNIÓN FENOSA DISTRIBUCIÓN S.A.	1497,1552	True
2316	0022	36	2.0A	24	4	2	18	16.0	22.0	2243.0	Pontevedra	UNIÓN FENOSA DISTRIBUCIÓN S.A.	417,616,617,960,1478,1620,1636,2352,2567,2819,3378,4017,4025,4519,5753,7623,7624,7624,8344,8344,9116,9116,9184,9184	True
2316	0022	36	2.0DHA	2	0	0	2	0.0	0.0	323.0	Pontevedra	UNIÓN FENOSA DISTRIBUCIÓN S.A.	1253,2588	True
2316	0022	36	2.1A	1	0	0	1	0.0	0.0	60.0	Pontevedra	UNIÓN FENOSA DISTRIBUCIÓN S.A.	5419	True
2316	0022	36	3.0A	1	0	0	1	0.0	0.0	25.0	Pontevedra	UNIÓN FENOSA DISTRIBUCIÓN S.A.	7606	True
2316	0022	40	2.0A	2	0	0	2	0.0	0.0	211.0	Segovia	UNIÓN FENOSA DISTRIBUCIÓN S.A.	1836,5478	True
2316	0022	45	2.0A	2	0	0	2	0.0	0.0	209.0	Toledo	UNIÓN FENOSA DISTRIBUCIÓN S.A.	3590,3671	True
2316	0022	45	2.0DHA	1	0	0	1	0.0	0.0	95.0	Toledo	UNIÓN FENOSA DISTRIBUCIÓN S.A.	4018	True
2316	0022	45	2.1DHA	1	0	0	1	0.0	0.0	199.0	Toledo	UNIÓN FENOSA DISTRIBUCIÓN S.A.	752	True
2360	0259	08	3.0A	1	0	0	1	0.0	0.0	25.0	Barcelona	DISTRIBUIDORA DE ENERGIA ELECTRICA DEL BAGES, S.A.	7504	True
2402	0359	17	2.0A	6	1	0	5	4.0	0.0	633.0	Girona	SUMINISTRO DE LUZ Y FUERZA, S.L.	568,1448,3765,4151,5500,9125	True
2402	0359	17	3.0A	1	0	0	1	0.0	0.0	102.0	Girona	SUMINISTRO DE LUZ Y FUERZA, S.L.	3684	True
2406	0026	03	2.0DHA	1	0	0	1	0.0	0.0	207.0	Alacant	DISTRIBUCIÓN CANTÁBRICO	518	True
2406	0026	28	2.0A	1	0	0	1	0.0	0.0	171.0	Madrid	DISTRIBUCIÓN CANTÁBRICO	1417	True
2406	0026	28	2.0DHA	1	0	0	1	0.0	0.0	79.0	Madrid	DISTRIBUCIÓN CANTÁBRICO	4828	True
2406	0026	33	2.0A	30	0	4	26	0.0	58.0	2747.0	Asturias	DISTRIBUCIÓN CANTÁBRICO	937,970,1027,1070,1090,1196,1342,1564,2966,2992,3195,3347,3373,4458,4621,4819,4980,4981,5870,6508,6733,6758,6990,6990,7069,7531,7984,7984,8403,8403	True
2406	0026	33	2.0DHA	4	0	0	4	0.0	0.0	540.0	Asturias	DISTRIBUCIÓN CANTÁBRICO	815,1125,4697,5063	True
2406	0026	33	2.1A	1	0	0	1	0.0	0.0	86.0	Asturias	DISTRIBUCIÓN CANTÁBRICO	4562	True
2437	0027	09	2.0A	1	0	0	1	0.0	0.0	102.0	Burgos	E.ON DISTRIBUCION S.L.	3757	True
2437	0027	39	2.0A	20	2	2	16	8.0	22.0	1617.0	Cantabria	E.ON DISTRIBUCION S.L.	1199,1200,1281,2357,3116,3395,3396,3536,4026,4529,4976,5567,5776,6369,6790,7605,8525,8525,9105,9105	True
2437	0027	39	2.1A	2	2	0	0	8.0	0.0	0.0	Cantabria	E.ON DISTRIBUCION S.L.	9083,9083	True
3223	0224	17	2.0A	1	0	0	1	0.0	0.0	183.0	Girona	ELÉCTRICA DE JAFRE, S.A.	929	True
3245	0232	43	2.0A	2	0	0	2	0.0	0.0	371.0	Tarragona	ELECTRICA DEL EBRO, S.A.	431,1734	True
3695	0032	16	2.0A	7	0	0	7	0.0	0.0	538.0	Cuenca	ELECTRICA CONQUENSE, S.A.	2988,3245,3473,5402,6710,6710,6715	True
3723	0030	22	2.0A	4	0	3	1	0.0	47.0	199.0	Huesca	DISTRIBUCIÓN EASA	740,7908,7908,8566	True
3723	0030	22	2.0DHA	1	0	0	1	0.0	0.0	86.0	Huesca	DISTRIBUCIÓN EASA	4604	True
3742	0033	27	2.0A	3	0	0	3	0.0	0.0	563.0	Lugo	DISTRIBUCIÓN BEGASA	110,1438,1439	True
3742	0033	27	2.0DHA	2	0	0	2	0.0	0.0	162.0	Lugo	DISTRIBUCIÓN BEGASA	3108,6398	True
3831	0463	50	2.0A	1	0	1	0	0.0	14.0	0.0	Zaragoza	SOLANAR DISTRIBUIDORA ELECTRICA, S.L.	8271	True
6298	0034	11	2.0A	2	0	0	2	0.0	0.0	183.0	Cádiz	SUMINISTRADORA ELECTRICA DE CADIZ, S.A.	1815,7043	True